,finished,page,title,url
0,True,30,后端开发,/c101010100-p100199/
1,False,1,Java,/c101010100-p100101/
2,False,1,C++,/c101010100-p100102/
3,False,1,PHP,/c101010100-p100103/
4,False,1,数据挖掘,/c101010100-p100104/
5,False,1,C,/c101010100-p100105/
6,False,1,C#,/c101010100-p100106/
7,False,1,.NET,/c101010100-p100107/
8,False,1,Hadoop,/c101010100-p100108/
9,False,1,Python,/c101010100-p100109/
10,False,1,Delphi,/c101010100-p100110/
11,False,1,VB,/c101010100-p100111/
12,False,1,Perl,/c101010100-p100112/
13,False,1,Ruby,/c101010100-p100113/
14,False,1,Node.js,/c101010100-p100114/
15,False,1,搜索算法,/c101010100-p100115/
16,False,1,Golang,/c101010100-p100116/
17,False,1,自然语言处理,/c101010100-p100117/
18,False,1,推荐算法,/c101010100-p100118/
19,False,1,Erlang,/c101010100-p100119/
20,False,1,算法工程师,/c101010100-p100120/
21,False,1,语音/视频/图形开发,/c101010100-p100121/
22,False,1,数据采集,/c101010100-p100122/
23,False,1,移动开发,/c101010100-p100299/
24,False,1,HTML5,/c101010100-p100201/
25,False,1,Android,/c101010100-p100202/
26,False,1,iOS,/c101010100-p100203/
27,False,1,WP,/c101010100-p100204/
28,False,1,移动web前端,/c101010100-p100205/
29,False,1,Flash开发,/c101010100-p100206/
30,False,1,JavaScript,/c101010100-p100208/
31,False,1,U3D,/c101010100-p100209/
32,False,1,COCOS2DX,/c101010100-p100210/
33,False,1,测试工程师,/c101010100-p100301/
34,False,1,自动化测试,/c101010100-p100302/
35,False,1,功能测试,/c101010100-p100303/
36,False,1,性能测试,/c101010100-p100304/
37,False,1,测试开发,/c101010100-p100305/
38,False,1,移动端测试,/c101010100-p100306/
39,False,1,游戏测试,/c101010100-p100307/
40,False,1,硬件测试,/c101010100-p100308/
41,False,1,软件测试,/c101010100-p100309/
42,False,1,运维工程师,/c101010100-p100401/
43,False,1,运维开发工程师,/c101010100-p100402/
44,False,1,网络工程师,/c101010100-p100403/
45,False,1,系统工程师,/c101010100-p100404/
46,False,1,IT技术支持,/c101010100-p100405/
47,False,1,系统管理员,/c101010100-p100406/
48,False,1,网络安全,/c101010100-p100407/
49,False,1,系统安全,/c101010100-p100408/
50,False,1,DBA,/c101010100-p100409/
51,False,1,数据,/c101010100-p100599/
52,False,1,ETL工程师,/c101010100-p100506/
53,False,1,数据仓库,/c101010100-p100507/
54,False,1,数据开发,/c101010100-p100508/
55,False,1,数据挖掘,/c101010100-p100509/
56,False,1,数据分析师,/c101010100-p100511/
57,False,1,数据架构师,/c101010100-p100512/
58,False,1,算法研究员,/c101010100-p100513/
59,False,1,项目经理,/c101010100-p100601/
60,False,1,项目主管,/c101010100-p100602/
61,False,1,项目助理,/c101010100-p100603/
62,False,1,项目专员,/c101010100-p100604/
63,False,1,实施顾问,/c101010100-p100605/
64,False,1,实施工程师,/c101010100-p100606/
65,False,1,需求分析工程师,/c101010100-p100607/
66,False,1,硬件,/c101010100-p100801/
67,False,1,嵌入式,/c101010100-p100802/
68,False,1,自动化,/c101010100-p100803/
69,False,1,单片机,/c101010100-p100804/
70,False,1,电路设计,/c101010100-p100805/
71,False,1,驱动开发,/c101010100-p100806/
72,False,1,系统集成,/c101010100-p100807/
73,False,1,FPGA开发,/c101010100-p100808/
74,False,1,DSP开发,/c101010100-p100809/
75,False,1,ARM开发,/c101010100-p100810/
76,False,1,PCB工艺,/c101010100-p100811/
77,False,1,模具设计,/c101010100-p100812/
78,False,1,热传导,/c101010100-p100813/
79,False,1,材料工程师,/c101010100-p100814/
80,False,1,精益工程师,/c101010100-p100815/
81,False,1,射频工程师,/c101010100-p100816/
82,False,1,前端开发,/c101010100-p100999/
83,False,1,web前端,/c101010100-p100901/
84,False,1,JavaScript,/c101010100-p100902/
85,False,1,Flash开发,/c101010100-p100903/
86,False,1,HTML5,/c101010100-p100904/
87,False,1,通信技术工程师,/c101010100-p101001/
88,False,1,通信研发工程师,/c101010100-p101002/
89,False,1,数据通信工程师,/c101010100-p101003/
90,False,1,移动通信工程师,/c101010100-p101004/
91,False,1,电信网络工程师,/c101010100-p101005/
92,False,1,电信交换工程师,/c101010100-p101006/
93,False,1,有线传输工程师,/c101010100-p101007/
94,False,1,无线射频工程师,/c101010100-p101008/
95,False,1,通信电源工程师,/c101010100-p101009/
96,False,1,通信标准化工程师,/c101010100-p101010/
97,False,1,通信项目专员,/c101010100-p101011/
98,False,1,通信项目经理,/c101010100-p101012/
99,False,1,核心网工程师,/c101010100-p101013/
100,False,1,通信测试工程师,/c101010100-p101014/
101,False,1,通信设备工程师,/c101010100-p101015/
102,False,1,光通信工程师,/c101010100-p101016/
103,False,1,光传输工程师,/c101010100-p101017/
104,False,1,光网络工程师,/c101010100-p101018/
105,False,1,电子工程师,/c101010100-p101401/
106,False,1,电气工程师,/c101010100-p101402/
107,False,1,FAE,/c101010100-p101403/
108,False,1,电气设计工程师,/c101010100-p101404/
109,False,1,高端技术职位,/c101010100-p100799/
110,False,1,技术经理,/c101010100-p100701/
111,False,1,技术总监,/c101010100-p100702/
112,False,1,测试经理,/c101010100-p100703/
113,False,1,架构师,/c101010100-p100704/
114,False,1,CTO,/c101010100-p100705/
115,False,1,运维总监,/c101010100-p100706/
116,False,1,技术合伙人,/c101010100-p100707/
117,False,1,人工智能,/c101010100-p101399/
118,False,1,机器学习,/c101010100-p101301/
119,False,1,深度学习,/c101010100-p101302/
120,False,1,图像算法,/c101010100-p101303/
121,False,1,图像处理,/c101010100-p101304/
122,False,1,语音识别,/c101010100-p101305/
123,False,1,图像识别,/c101010100-p101306/
124,False,1,算法研究员,/c101010100-p101307/
125,False,1,软件销售支持,/c101010100-p101299/
126,False,1,售前工程师,/c101010100-p101201/
127,False,1,售后工程师,/c101010100-p101202/
128,False,1,其他技术职位,/c101010100-p101101/
129,False,1,产品经理,/c101010100-p110101/
130,False,1,网页产品经理,/c101010100-p110102/
131,False,1,移动产品经理,/c101010100-p110103/
132,False,1,产品助理,/c101010100-p110104/
133,False,1,数据产品经理,/c101010100-p110105/
134,False,1,电商产品经理,/c101010100-p110106/
135,False,1,游戏策划,/c101010100-p110107/
136,False,1,产品专员,/c101010100-p110108/
137,False,1,高端产品职位,/c101010100-p110399/
138,False,1,产品总监,/c101010100-p110302/
139,False,1,游戏制作人,/c101010100-p110303/
140,False,1,产品VP,/c101010100-p110304/
141,False,1,其他产品职位,/c101010100-p110401/
142,False,1,视觉设计,/c101010100-p120199/
143,False,1,视觉设计师,/c101010100-p120101/
144,False,1,网页设计师,/c101010100-p120102/
145,False,1,Flash设计师,/c101010100-p120103/
146,False,1,APP设计师,/c101010100-p120104/
147,False,1,UI设计师,/c101010100-p120105/
148,False,1,平面设计师,/c101010100-p120106/
149,False,1,美术设计师（2D/3D）,/c101010100-p120107/
150,False,1,广告设计师,/c101010100-p120108/
151,False,1,多媒体设计师,/c101010100-p120109/
152,False,1,原画师,/c101010100-p120110/
153,False,1,游戏特效,/c101010100-p120111/
154,False,1,游戏界面设计师,/c101010100-p120112/
155,False,1,游戏场景,/c101010100-p120113/
156,False,1,游戏角色,/c101010100-p120114/
157,False,1,游戏动作,/c101010100-p120115/
158,False,1,三维/CAD/制图,/c101010100-p120116/
159,False,1,美工,/c101010100-p120117/
160,False,1,包装设计,/c101010100-p120118/
161,False,1,设计师助理,/c101010100-p120119/
162,False,1,动画设计师,/c101010100-p120120/
163,False,1,插画师,/c101010100-p120121/
164,False,1,交互设计师,/c101010100-p120201/
165,False,1,无线交互设计师,/c101010100-p120202/
166,False,1,网页交互设计师,/c101010100-p120203/
167,False,1,硬件交互设计师,/c101010100-p120204/
168,False,1,数据分析师,/c101010100-p120301/
169,False,1,用户研究员,/c101010100-p120302/
170,False,1,游戏数值策划,/c101010100-p120303/
171,False,1,UX设计师,/c101010100-p120304/
172,False,1,用户研究经理,/c101010100-p120407/
173,False,1,用户研究总监,/c101010100-p120408/
174,False,1,高端设计职位,/c101010100-p120499/
175,False,1,设计经理/主管,/c101010100-p120401/
176,False,1,设计总监,/c101010100-p120402/
177,False,1,视觉设计经理,/c101010100-p120403/
178,False,1,视觉设计总监,/c101010100-p120404/
179,False,1,交互设计经理/主管,/c101010100-p120405/
180,False,1,交互设计总监,/c101010100-p120406/
181,False,1,非视觉设计,/c101010100-p120699/
182,False,1,服装设计,/c101010100-p120601/
183,False,1,工业设计,/c101010100-p120602/
184,False,1,橱柜设计,/c101010100-p120603/
185,False,1,家具设计,/c101010100-p120604/
186,False,1,家居设计,/c101010100-p120605/
187,False,1,珠宝设计,/c101010100-p120606/
188,False,1,室内设计,/c101010100-p120607/
189,False,1,陈列设计,/c101010100-p120608/
190,False,1,景观设计,/c101010100-p120610/
191,False,1,其他设计职位,/c101010100-p120501/
192,False,1,运营,/c101010100-p130199/
193,False,1,用户运营,/c101010100-p130101/
194,False,1,产品运营,/c101010100-p130102/
195,False,1,数据运营,/c101010100-p130103/
196,False,1,内容运营,/c101010100-p130104/
197,False,1,活动运营,/c101010100-p130105/
198,False,1,商家运营,/c101010100-p130106/
199,False,1,品类运营,/c101010100-p130107/
200,False,1,游戏运营,/c101010100-p130108/
201,False,1,网络推广,/c101010100-p130109/
202,False,1,网站运营,/c101010100-p130110/
203,False,1,新媒体运营,/c101010100-p130111/
204,False,1,社区运营,/c101010100-p130112/
205,False,1,微信运营,/c101010100-p130113/
206,False,1,微博运营,/c101010100-p130114/
207,False,1,策略运营,/c101010100-p130115/
208,False,1,线下拓展运营,/c101010100-p130116/
209,False,1,电商运营,/c101010100-p130117/
210,False,1,运营助理/专员,/c101010100-p130118/
211,False,1,内容审核,/c101010100-p130120/
212,False,1,销售运营,/c101010100-p130119/
213,False,1,编辑,/c101010100-p130299/
214,False,1,副主编,/c101010100-p130201/
215,False,1,内容编辑,/c101010100-p130202/
216,False,1,文案策划,/c101010100-p130203/
217,False,1,网站编辑,/c101010100-p130204/
218,False,1,记者,/c101010100-p130205/
219,False,1,采编,/c101010100-p130206/
220,False,1,售前咨询,/c101010100-p130301/
221,False,1,售后咨询,/c101010100-p130302/
222,False,1,网络客服,/c101010100-p130303/
223,False,1,客服经理,/c101010100-p130304/
224,False,1,客服专员/助理,/c101010100-p130305/
225,False,1,客服主管,/c101010100-p130306/
226,False,1,客服总监,/c101010100-p130307/
227,False,1,电话客服,/c101010100-p130308/
228,False,1,咨询热线/呼叫中心客服,/c101010100-p130309/
229,False,1,高端运营职位,/c101010100-p130499/
230,False,1,主编,/c101010100-p130401/
231,False,1,运营总监,/c101010100-p130402/
232,False,1,COO,/c101010100-p130403/
233,False,1,客服总监,/c101010100-p130404/
234,False,1,运营经理/主管,/c101010100-p130405/
235,False,1,其他运营职位,/c101010100-p130501/
236,False,1,选址开发,/c101010100-p140114/
237,False,1,市场营销,/c101010100-p140101/
238,False,1,市场策划,/c101010100-p140102/
239,False,1,市场顾问,/c101010100-p140103/
240,False,1,市场推广,/c101010100-p140104/
241,False,1,SEO,/c101010100-p140105/
242,False,1,SEM,/c101010100-p140106/
243,False,1,商务渠道,/c101010100-p140107/
244,False,1,商业数据分析,/c101010100-p140108/
245,False,1,活动策划,/c101010100-p140109/
246,False,1,网络营销,/c101010100-p140110/
247,False,1,海外市场,/c101010100-p140111/
248,False,1,政府关系,/c101010100-p140112/
249,False,1,APP推广,/c101010100-p140113/
250,False,1,公关媒介,/c101010100-p140299/
251,False,1,媒介经理,/c101010100-p140201/
252,False,1,广告协调,/c101010100-p140202/
253,False,1,品牌公关,/c101010100-p140203/
254,False,1,媒介专员,/c101010100-p140204/
255,False,1,活动策划执行,/c101010100-p140205/
256,False,1,媒介策划,/c101010100-p140206/
257,False,1,会务会展,/c101010100-p140599/
258,False,1,会议活动销售,/c101010100-p140501/
259,False,1,会议活动策划,/c101010100-p140502/
260,False,1,会议活动执行,/c101010100-p140503/
261,False,1,会展活动销售,/c101010100-p140504/
262,False,1,会展活动策划,/c101010100-p140505/
263,False,1,会展活动执行,/c101010100-p140506/
264,False,1,广告,/c101010100-p140699/
265,False,1,广告创意,/c101010100-p140601/
266,False,1,美术指导,/c101010100-p140602/
267,False,1,广告设计师,/c101010100-p140603/
268,False,1,策划经理,/c101010100-p140604/
269,False,1,文案,/c101010100-p140605/
270,False,1,广告制作,/c101010100-p140607/
271,False,1,媒介投放,/c101010100-p140608/
272,False,1,媒介合作,/c101010100-p140609/
273,False,1,媒介顾问,/c101010100-p140610/
274,False,1,广告审核,/c101010100-p140611/
275,False,1,高端市场职位,/c101010100-p140499/
276,False,1,市场总监,/c101010100-p140401/
277,False,1,CMO,/c101010100-p140404/
278,False,1,公关总监,/c101010100-p140405/
279,False,1,媒介总监,/c101010100-p140406/
280,False,1,创意总监,/c101010100-p140407/
281,False,1,其他市场职位,/c101010100-p140701/
282,False,1,人力资源主管,/c101010100-p150101/
283,False,1,招聘,/c101010100-p150102/
284,False,1,HRBP,/c101010100-p150103/
285,False,1,人力资源专员/助理,/c101010100-p150104/
286,False,1,培训,/c101010100-p150105/
287,False,1,薪资福利,/c101010100-p150106/
288,False,1,绩效考核,/c101010100-p150107/
289,False,1,人力资源经理,/c101010100-p150403/
290,False,1,人力资源VP/CHO,/c101010100-p150406/
291,False,1,人力资源总监,/c101010100-p150108/
292,False,1,员工关系,/c101010100-p150109/
293,False,1,组织发展,/c101010100-p150110/
294,False,1,行政专员/助理,/c101010100-p150201/
295,False,1,前台,/c101010100-p150202/
296,False,1,行政主管,/c101010100-p150204/
297,False,1,经理助理,/c101010100-p150205/
298,False,1,后勤,/c101010100-p150207/
299,False,1,商务司机,/c101010100-p150208/
300,False,1,行政经理,/c101010100-p150401/
301,False,1,行政总监,/c101010100-p150209/
302,False,1,财务,/c101010100-p150399/
303,False,1,会计,/c101010100-p150301/
304,False,1,出纳,/c101010100-p150302/
305,False,1,财务顾问,/c101010100-p150303/
306,False,1,结算,/c101010100-p150304/
307,False,1,税务,/c101010100-p150305/
308,False,1,审计,/c101010100-p150306/
309,False,1,风控,/c101010100-p150307/
310,False,1,财务经理,/c101010100-p150402/
311,False,1,CFO,/c101010100-p150404/
312,False,1,财务总监,/c101010100-p150308/
313,False,1,财务主管,/c101010100-p150309/
314,False,1,法务专员/助理,/c101010100-p150203/
315,False,1,律师,/c101010100-p150502/
316,False,1,专利,/c101010100-p150503/
317,False,1,法律顾问,/c101010100-p150504/
318,False,1,法务主管,/c101010100-p150505/
319,False,1,法务经理,/c101010100-p150506/
320,False,1,法务总监,/c101010100-p150507/
321,False,1,其他职能职位,/c101010100-p150601/
322,False,1,高级管理职位,/c101010100-p150499/
323,False,1,CEO/总裁/总经理,/c101010100-p150407/
324,False,1,副总裁/副总经理,/c101010100-p150408/
325,False,1,事业部负责人,/c101010100-p150409/
326,False,1,区域/分公司/代表处负责人,/c101010100-p150410/
327,False,1,总裁/总经理/董事长助理,/c101010100-p150411/
328,False,1,合伙人,/c101010100-p150412/
329,False,1,创始人,/c101010100-p150413/
330,False,1,董事会秘书,/c101010100-p150414/
331,False,1,销售,/c101010100-p140399/
332,False,1,销售专员,/c101010100-p140301/
333,False,1,销售经理,/c101010100-p140302/
334,False,1,客户代表,/c101010100-p140303/
335,False,1,大客户代表,/c101010100-p140304/
336,False,1,BD经理,/c101010100-p140305/
337,False,1,商务渠道,/c101010100-p140306/
338,False,1,渠道销售,/c101010100-p140307/
339,False,1,代理商销售,/c101010100-p140308/
340,False,1,销售助理,/c101010100-p140309/
341,False,1,电话销售,/c101010100-p140310/
342,False,1,销售顾问,/c101010100-p140311/
343,False,1,商品经理,/c101010100-p140312/
344,False,1,广告销售,/c101010100-p140313/
345,False,1,网络营销,/c101010100-p140314/
346,False,1,营销主管,/c101010100-p140315/
347,False,1,销售工程师,/c101010100-p140316/
348,False,1,客户经理,/c101010100-p140317/
349,False,1,销售管理,/c101010100-p160199/
350,False,1,销售总监,/c101010100-p140402/
351,False,1,商务总监,/c101010100-p140403/
352,False,1,区域总监,/c101010100-p160101/
353,False,1,城市经理,/c101010100-p160102/
354,False,1,销售VP,/c101010100-p160103/
355,False,1,团队经理,/c101010100-p160104/
356,False,1,其他销售职位,/c101010100-p160201/
357,False,1,采编/写作/出版,/c101010100-p170199/
358,False,1,记者,/c101010100-p170101/
359,False,1,编辑,/c101010100-p170102/
360,False,1,采编,/c101010100-p170103/
361,False,1,撰稿人,/c101010100-p170104/
362,False,1,出版发行,/c101010100-p170105/
363,False,1,校对录入,/c101010100-p170106/
364,False,1,总编,/c101010100-p170107/
365,False,1,自媒体,/c101010100-p170108/
366,False,1,公关媒介,/c101010100-p170399/
367,False,1,媒介经理,/c101010100-p170301/
368,False,1,媒介专员,/c101010100-p170302/
369,False,1,广告协调,/c101010100-p170303/
370,False,1,品牌公关,/c101010100-p170304/
371,False,1,活动策划执行,/c101010100-p170305/
372,False,1,媒介策划,/c101010100-p170306/
373,False,1,会务会展,/c101010100-p170499/
374,False,1,会议活动销售,/c101010100-p170401/
375,False,1,会议活动策划,/c101010100-p170402/
376,False,1,会议活动执行,/c101010100-p170403/
377,False,1,会展活动销售,/c101010100-p170404/
378,False,1,会展活动策划,/c101010100-p170405/
379,False,1,会展活动执行,/c101010100-p170406/
380,False,1,广告,/c101010100-p170299/
381,False,1,广告创意,/c101010100-p170201/
382,False,1,美术指导,/c101010100-p170202/
383,False,1,广告设计师,/c101010100-p170203/
384,False,1,策划经理,/c101010100-p170204/
385,False,1,文案,/c101010100-p170205/
386,False,1,广告制作,/c101010100-p170207/
387,False,1,媒介投放,/c101010100-p170208/
388,False,1,媒介合作,/c101010100-p170209/
389,False,1,媒介顾问,/c101010100-p170210/
390,False,1,广告审核,/c101010100-p170211/
391,False,1,主持人/DJ,/c101010100-p170620/
392,False,1,影视媒体,/c101010100-p170699/
393,False,1,助理,/c101010100-p170617/
394,False,1,统筹制片人,/c101010100-p170618/
395,False,1,执行制片人,/c101010100-p170619/
396,False,1,导演/编导,/c101010100-p170601/
397,False,1,摄影/摄像,/c101010100-p170602/
398,False,1,视频编辑,/c101010100-p170603/
399,False,1,音频编辑,/c101010100-p170604/
400,False,1,经纪人,/c101010100-p170605/
401,False,1,后期制作,/c101010100-p170606/
402,False,1,影视制作,/c101010100-p170607/
403,False,1,影视发行,/c101010100-p170608/
404,False,1,影视策划,/c101010100-p170609/
405,False,1,主播,/c101010100-p170610/
406,False,1,演员/配音/模特,/c101010100-p170611/
407,False,1,化妆/造型/服装,/c101010100-p170612/
408,False,1,放映管理,/c101010100-p170613/
409,False,1,录音/音效,/c101010100-p170614/
410,False,1,制片人,/c101010100-p170615/
411,False,1,编剧,/c101010100-p170616/
412,False,1,其他传媒职位,/c101010100-p170501/
413,False,1,投融资,/c101010100-p180199/
414,False,1,投资经理,/c101010100-p180101/
415,False,1,行业研究,/c101010100-p180103/
416,False,1,资产管理,/c101010100-p180104/
417,False,1,投资总监,/c101010100-p180112/
418,False,1,投资VP,/c101010100-p180113/
419,False,1,投资合伙人,/c101010100-p180114/
420,False,1,融资,/c101010100-p180115/
421,False,1,并购,/c101010100-p180116/
422,False,1,投后管理,/c101010100-p180117/
423,False,1,投资助理,/c101010100-p180118/
424,False,1,其他投融资职位,/c101010100-p180111/
425,False,1,投资顾问,/c101010100-p180119/
426,False,1,风控,/c101010100-p180201/
427,False,1,律师,/c101010100-p180202/
428,False,1,资信评估,/c101010100-p180203/
429,False,1,合规稽查,/c101010100-p180204/
430,False,1,审计,/c101010100-p180301/
431,False,1,法务,/c101010100-p180302/
432,False,1,会计,/c101010100-p180303/
433,False,1,清算,/c101010100-p180304/
434,False,1,银行,/c101010100-p180499/
435,False,1,信用卡销售,/c101010100-p180401/
436,False,1,分析师,/c101010100-p180102/
437,False,1,柜员,/c101010100-p180402/
438,False,1,商务渠道,/c101010100-p180403/
439,False,1,大堂经理,/c101010100-p180404/
440,False,1,理财顾问,/c101010100-p180105/
441,False,1,客户经理,/c101010100-p180405/
442,False,1,信贷管理,/c101010100-p180406/
443,False,1,风控,/c101010100-p180107/
444,False,1,互联网金融,/c101010100-p180599/
445,False,1,金融产品经理,/c101010100-p180501/
446,False,1,风控,/c101010100-p180502/
447,False,1,催收员,/c101010100-p180503/
448,False,1,分析师,/c101010100-p180504/
449,False,1,投资经理,/c101010100-p180505/
450,False,1,交易员,/c101010100-p180106/
451,False,1,理财顾问,/c101010100-p180506/
452,False,1,合规稽查,/c101010100-p180108/
453,False,1,审计,/c101010100-p180109/
454,False,1,清算,/c101010100-p180110/
455,False,1,保险业务,/c101010100-p180701/
456,False,1,精算师,/c101010100-p180702/
457,False,1,保险理赔,/c101010100-p180703/
458,False,1,证券,/c101010100-p180899/
459,False,1,证券经纪人,/c101010100-p180801/
460,False,1,证券分析师,/c101010100-p180802/
461,False,1,其他金融职位,/c101010100-p180601/
462,False,1,汽车设计,/c101010100-p230101/
463,False,1,车身设计,/c101010100-p230102/
464,False,1,底盘设计,/c101010100-p230103/
465,False,1,机械设计,/c101010100-p230104/
466,False,1,动力系统设计,/c101010100-p230105/
467,False,1,电子工程设计,/c101010100-p230106/
468,False,1,零部件设计,/c101010100-p230107/
469,False,1,汽车工程项目管理,/c101010100-p230108/
470,False,1,内外饰设计工程师,/c101010100-p230110/
471,False,1,总装工程师,/c101010100-p230210/
472,False,1,焊接工程师,/c101010100-p230211/
473,False,1,冲压工程师,/c101010100-p230212/
474,False,1,质量工程师,/c101010100-p230109/
475,False,1,汽车销售与制造,/c101010100-p230299/
476,False,1,汽车销售,/c101010100-p230201/
477,False,1,汽车配件销售,/c101010100-p230202/
478,False,1,汽车售后服务,/c101010100-p230203/
479,False,1,汽车维修,/c101010100-p230204/
480,False,1,汽车美容,/c101010100-p230205/
481,False,1,汽车定损理赔,/c101010100-p230206/
482,False,1,二手车评估师,/c101010100-p230207/
483,False,1,4S店管理,/c101010100-p230208/
484,False,1,汽车改装工程师,/c101010100-p230209/
485,False,1,其他汽车职位,/c101010100-p230301/
486,False,1,教育产品研发,/c101010100-p190199/
487,False,1,课程设计,/c101010100-p190101/
488,False,1,课程编辑,/c101010100-p190102/
489,False,1,教师,/c101010100-p190103/
490,False,1,培训研究,/c101010100-p190104/
491,False,1,培训师,/c101010100-p190105/
492,False,1,培训策划,/c101010100-p190107/
493,False,1,其他教育产品研发职位,/c101010100-p190106/
494,False,1,教育行政,/c101010100-p190299/
495,False,1,校长,/c101010100-p190201/
496,False,1,教务管理,/c101010100-p190202/
497,False,1,教学管理,/c101010100-p190203/
498,False,1,班主任/辅导员,/c101010100-p190204/
499,False,1,教师,/c101010100-p190301/
500,False,1,助教,/c101010100-p190302/
501,False,1,高中教师,/c101010100-p190303/
502,False,1,初中教师,/c101010100-p190304/
503,False,1,小学教师,/c101010100-p190305/
504,False,1,幼教,/c101010100-p190306/
505,False,1,理科教师,/c101010100-p190307/
506,False,1,文科教师,/c101010100-p190308/
507,False,1,外语教师,/c101010100-p190309/
508,False,1,音乐教师,/c101010100-p190310/
509,False,1,美术教师,/c101010100-p190311/
510,False,1,体育教师,/c101010100-p190312/
511,False,1,就业老师,/c101010100-p190313/
512,False,1,IT培训,/c101010100-p190499/
513,False,1,JAVA培训讲师,/c101010100-p190401/
514,False,1,Android培训讲师,/c101010100-p190402/
515,False,1,ios培训讲师,/c101010100-p190403/
516,False,1,PHP培训讲师,/c101010100-p190404/
517,False,1,.NET培训讲师,/c101010100-p190405/
518,False,1,C++培训讲师,/c101010100-p190406/
519,False,1,Unity 3D培训讲师,/c101010100-p190407/
520,False,1,Web前端培训讲师,/c101010100-p190408/
521,False,1,软件测试培训讲师,/c101010100-p190409/
522,False,1,动漫培训讲师,/c101010100-p190410/
523,False,1,UI设计培训讲师,/c101010100-p190411/
524,False,1,财会培训讲师,/c101010100-p190501/
525,False,1,HR培训讲师,/c101010100-p190502/
526,False,1,培训师,/c101010100-p190503/
527,False,1,拓展培训,/c101010100-p190504/
528,False,1,课程顾问,/c101010100-p190601/
529,False,1,招生顾问,/c101010100-p190602/
530,False,1,留学顾问,/c101010100-p190603/
531,False,1,教练,/c101010100-p190799/
532,False,1,舞蹈教练,/c101010100-p190701/
533,False,1,瑜伽教练,/c101010100-p190702/
534,False,1,瘦身顾问,/c101010100-p190703/
535,False,1,游泳教练,/c101010100-p190704/
536,False,1,健身教练,/c101010100-p190705/
537,False,1,篮球/羽毛球教练,/c101010100-p190706/
538,False,1,跆拳道教练,/c101010100-p190707/
539,False,1,其他教育培训职位,/c101010100-p190801/
540,False,1,医生/医技,/c101010100-p210199/
541,False,1,医生助理,/c101010100-p210112/
542,False,1,医学影像,/c101010100-p210113/
543,False,1,B超医生,/c101010100-p210114/
544,False,1,中医,/c101010100-p210302/
545,False,1,医师,/c101010100-p210103/
546,False,1,心理医生,/c101010100-p210303/
547,False,1,药剂师,/c101010100-p210104/
548,False,1,牙科医生,/c101010100-p210304/
549,False,1,康复治疗师,/c101010100-p210305/
550,False,1,验光师,/c101010100-p210109/
551,False,1,放射科医师,/c101010100-p210110/
552,False,1,检验科医师,/c101010100-p210111/
553,False,1,其他医生职位,/c101010100-p210107/
554,False,1,护士长,/c101010100-p210202/
555,False,1,护士/护理,/c101010100-p210201/
556,False,1,导医,/c101010100-p210503/
557,False,1,健康整形,/c101010100-p210499/
558,False,1,营养师,/c101010100-p210401/
559,False,1,整形师,/c101010100-p210402/
560,False,1,理疗师,/c101010100-p210403/
561,False,1,针灸推拿,/c101010100-p210404/
562,False,1,生物制药,/c101010100-p210115/
563,False,1,药品注册,/c101010100-p210116/
564,False,1,药品生产,/c101010100-p210117/
565,False,1,临床研究,/c101010100-p210118/
566,False,1,临床协调,/c101010100-p210119/
567,False,1,临床数据分析,/c101010100-p210120/
568,False,1,医学总监,/c101010100-p210106/
569,False,1,医药研发,/c101010100-p210108/
570,False,1,医疗器械注册,/c101010100-p210121/
571,False,1,医疗器械生产/质量管理,/c101010100-p210122/
572,False,1,医疗器械研究,/c101010100-p210105/
573,False,1,药店,/c101010100-p210899/
574,False,1,店长,/c101010100-p210801/
575,False,1,执业药师/驻店药师,/c101010100-p210802/
576,False,1,店员/营业员,/c101010100-p210803/
577,False,1,市场营销/媒体,/c101010100-p210599/
578,False,1,医疗器械销售,/c101010100-p210506/
579,False,1,医学编辑,/c101010100-p210101/
580,False,1,医学总监,/c101010100-p210501/
581,False,1,药学编辑,/c101010100-p210102/
582,False,1,医药代表,/c101010100-p210502/
583,False,1,健康顾问,/c101010100-p210504/
584,False,1,医美咨询,/c101010100-p210505/
585,False,1,其他医疗健康类职位,/c101010100-p210701/
586,False,1,采购,/c101010100-p250199/
587,False,1,采购总监,/c101010100-p250101/
588,False,1,采购经理,/c101010100-p250102/
589,False,1,采购专员,/c101010100-p250103/
590,False,1,买手,/c101010100-p250104/
591,False,1,采购工程师,/c101010100-p250105/
592,False,1,采购主管,/c101010100-p250106/
593,False,1,采购助理,/c101010100-p250107/
594,False,1,进出口贸易,/c101010100-p250299/
595,False,1,外贸经理,/c101010100-p250201/
596,False,1,外贸专员,/c101010100-p250202/
597,False,1,外贸业务员,/c101010100-p250203/
598,False,1,贸易跟单,/c101010100-p250204/
599,False,1,其他采购/贸易类职位,/c101010100-p250301/
600,False,1,物流,/c101010100-p240199/
601,False,1,供应链专员,/c101010100-p240101/
602,False,1,供应链经理,/c101010100-p240102/
603,False,1,物流专员,/c101010100-p240103/
604,False,1,物流经理,/c101010100-p240104/
605,False,1,物流运营,/c101010100-p240105/
606,False,1,物流跟单,/c101010100-p240106/
607,False,1,贸易跟单,/c101010100-p240107/
608,False,1,物仓调度,/c101010100-p240108/
609,False,1,物仓项目,/c101010100-p240109/
610,False,1,运输经理/主管,/c101010100-p240110/
611,False,1,货运代理专员,/c101010100-p240111/
612,False,1,货运代理经理,/c101010100-p240112/
613,False,1,水/空/陆运操作,/c101010100-p240113/
614,False,1,报关员,/c101010100-p240114/
615,False,1,报检员,/c101010100-p240115/
616,False,1,核销员,/c101010100-p240116/
617,False,1,单证员,/c101010100-p240117/
618,False,1,仓储,/c101010100-p240299/
619,False,1,仓储物料经理,/c101010100-p240201/
620,False,1,仓储物料专员,/c101010100-p240202/
621,False,1,仓储物料项目,/c101010100-p240203/
622,False,1,仓储管理,/c101010100-p240204/
623,False,1,仓库文员,/c101010100-p240205/
624,False,1,配/理/拣/发货,/c101010100-p240206/
625,False,1,运输,/c101010100-p240399/
626,False,1,货运司机,/c101010100-p240301/
627,False,1,集装箱管理,/c101010100-p240302/
628,False,1,配送,/c101010100-p240303/
629,False,1,快递,/c101010100-p240304/
630,False,1,高端供应链职位,/c101010100-p240499/
631,False,1,供应链总监,/c101010100-p240401/
632,False,1,物流总监,/c101010100-p240402/
633,False,1,其他供应链职位,/c101010100-p240501/
634,False,1,房地产规划开发,/c101010100-p220199/
635,False,1,房产策划,/c101010100-p220101/
636,False,1,地产项目管理,/c101010100-p220102/
637,False,1,地产招投标,/c101010100-p220103/
638,False,1,弱电工程师,/c101010100-p220213/
639,False,1,设计装修与市政建设,/c101010100-p220299/
640,False,1,高级建筑工程师,/c101010100-p220201/
641,False,1,建筑工程师,/c101010100-p220202/
642,False,1,建筑设计师,/c101010100-p220203/
643,False,1,土木/土建/结构工程师,/c101010100-p220204/
644,False,1,室内设计,/c101010100-p220205/
645,False,1,园林设计,/c101010100-p220206/
646,False,1,城市规划设计,/c101010100-p220207/
647,False,1,工程监理,/c101010100-p220208/
648,False,1,工程造价,/c101010100-p220209/
649,False,1,预结算,/c101010100-p220210/
650,False,1,工程资料管理,/c101010100-p220211/
651,False,1,建筑施工现场管理,/c101010100-p220212/
652,False,1,房地产经纪,/c101010100-p220399/
653,False,1,地产置业顾问,/c101010100-p220301/
654,False,1,地产评估,/c101010100-p220302/
655,False,1,地产中介,/c101010100-p220303/
656,False,1,物业管理,/c101010100-p220401/
657,False,1,物业租赁销售 ,/c101010100-p220402/
658,False,1,物业招商管理,/c101010100-p220403/
659,False,1,高端房地产职位,/c101010100-p220599/
660,False,1,地产项目总监,/c101010100-p220501/
661,False,1,地产策划总监,/c101010100-p220502/
662,False,1,地产招投标总监,/c101010100-p220503/
663,False,1,物业总监,/c101010100-p220504/
664,False,1,房地产销售总监,/c101010100-p220505/
665,False,1,其他房地产职位,/c101010100-p220601/
666,False,1,咨询/调研,/c101010100-p260199/
667,False,1,企业管理咨询,/c101010100-p260101/
668,False,1,数据分析师,/c101010100-p260102/
669,False,1,财务咨询顾问,/c101010100-p260103/
670,False,1,IT咨询顾问,/c101010100-p260104/
671,False,1,人力资源顾问,/c101010100-p260105/
672,False,1,咨询项目管理,/c101010100-p260106/
673,False,1,战略咨询,/c101010100-p260107/
674,False,1,猎头顾问,/c101010100-p260108/
675,False,1,市场调研,/c101010100-p260109/
676,False,1,其他咨询顾问,/c101010100-p260110/
677,False,1,知识产权,/c101010100-p260203/
678,False,1,事务所律师,/c101010100-p260201/
679,False,1,公司法务,/c101010100-p260202/
680,False,1,英语翻译,/c101010100-p260301/
681,False,1,日语翻译,/c101010100-p260302/
682,False,1,韩语/朝鲜语翻译,/c101010100-p260303/
683,False,1,法语翻译,/c101010100-p260304/
684,False,1,德语翻译,/c101010100-p260305/
685,False,1,俄语翻译,/c101010100-p260306/
686,False,1,西班牙语翻译,/c101010100-p260307/
687,False,1,其他语种翻译,/c101010100-p260308/
688,False,1,高端咨询类职位,/c101010100-p260499/
689,False,1,咨询总监,/c101010100-p260401/
690,False,1,咨询经理,/c101010100-p260402/
691,False,1,高级翻译,/c101010100-p260403/
692,False,1,同声传译  ,/c101010100-p260404/
693,False,1,其他咨询/翻译类职位,/c101010100-p260501/
694,False,1,管理培训生,/c101010100-p270102/
695,False,1,储备干部,/c101010100-p270103/
696,False,1,其他实习/培训/储备职位,/c101010100-p270201/
697,False,1,旅游服务,/c101010100-p280199/
698,False,1,计调,/c101010100-p280101/
699,False,1,签证,/c101010100-p280102/
700,False,1,旅游顾问,/c101010100-p280103/
701,False,1,导游,/c101010100-p280104/
702,False,1,预定票务,/c101010100-p280105/
703,False,1,旅游产品开发/策划,/c101010100-p280299/
704,False,1,旅游产品经理,/c101010100-p280201/
705,False,1,旅游策划师,/c101010100-p280202/
706,False,1,其他旅游职位,/c101010100-p280301/
707,False,1,保安,/c101010100-p290105/
708,False,1,保洁,/c101010100-p290106/
709,False,1,花艺师,/c101010100-p290701/
710,False,1,婚礼策划师,/c101010100-p290702/
711,False,1,礼仪迎宾,/c101010100-p290107/
712,False,1,酒店,/c101010100-p290199/
713,False,1,收银,/c101010100-p290101/
714,False,1,酒店前台,/c101010100-p290102/
715,False,1,客房服务员,/c101010100-p290103/
716,False,1,酒店经理,/c101010100-p290104/
717,False,1,后厨,/c101010100-p290208/
718,False,1,配菜打荷,/c101010100-p290209/
719,False,1,茶艺师,/c101010100-p290210/
720,False,1,西点师,/c101010100-p290211/
721,False,1,餐饮学徒,/c101010100-p290212/
722,False,1,餐饮,/c101010100-p290299/
723,False,1,收银,/c101010100-p290201/
724,False,1,服务员,/c101010100-p290202/
725,False,1,厨师,/c101010100-p290203/
726,False,1,咖啡师,/c101010100-p290204/
727,False,1,送餐员,/c101010100-p290205/
728,False,1,餐饮店长,/c101010100-p290206/
729,False,1,领班,/c101010100-p290207/
730,False,1,督导/巡店,/c101010100-p290305/
731,False,1,陈列员,/c101010100-p290306/
732,False,1,理货员,/c101010100-p290307/
733,False,1,零售,/c101010100-p290399/
734,False,1,收银,/c101010100-p290301/
735,False,1,导购,/c101010100-p290302/
736,False,1,店员/营业员,/c101010100-p290303/
737,False,1,门店店长,/c101010100-p290304/
738,False,1,发型师,/c101010100-p210607/
739,False,1,美甲师,/c101010100-p210608/
740,False,1,化妆师,/c101010100-p210609/
741,False,1,会籍顾问,/c101010100-p210610/
742,False,1,健身,/c101010100-p210699/
743,False,1,瑜伽教练,/c101010100-p210601/
744,False,1,瘦身顾问,/c101010100-p210602/
745,False,1,游泳教练,/c101010100-p210603/
746,False,1,美体教练,/c101010100-p210604/
747,False,1,美容师/顾问,/c101010100-p210405/
748,False,1,舞蹈教练,/c101010100-p210605/
749,False,1,健身教练,/c101010100-p210606/
750,False,1,其他服务业职位,/c101010100-p290401/
751,False,1,生产营运,/c101010100-p300199/
752,False,1,厂长/工厂经理,/c101010100-p300101/
753,False,1,生产总监,/c101010100-p300102/
754,False,1,生产经理/车间主任,/c101010100-p300103/
755,False,1,生产组长/拉长,/c101010100-p300104/
756,False,1,生产员,/c101010100-p300105/
757,False,1,生产设备管理,/c101010100-p300106/
758,False,1,生产计划/物料控制,/c101010100-p300107/
759,False,1,生产跟单,/c101010100-p300108/
760,False,1,质检员,/c101010100-p300208/
761,False,1,质量管理/测试,/c101010100-p300201/
762,False,1,可靠度工程师,/c101010100-p300202/
763,False,1,故障分析师,/c101010100-p300203/
764,False,1,认证工程师,/c101010100-p300204/
765,False,1,体系工程师,/c101010100-p300205/
766,False,1,审核员,/c101010100-p300206/
767,False,1,安全员,/c101010100-p300207/
768,False,1,机械设计/制造,/c101010100-p300399/
769,False,1,机械工程师,/c101010100-p300301/
770,False,1,机械设计师,/c101010100-p300302/
771,False,1,机械设备工程师,/c101010100-p300303/
772,False,1,机械维修/保养,/c101010100-p300304/
773,False,1,机械制图,/c101010100-p300305/
774,False,1,机械结构工程师,/c101010100-p300306/
775,False,1,工业工程师,/c101010100-p300307/
776,False,1,工艺/制程工程师,/c101010100-p300308/
777,False,1,材料工程师,/c101010100-p300309/
778,False,1,机电工程师,/c101010100-p300310/
779,False,1,CNC/数控,/c101010100-p300311/
780,False,1,冲压工程师,/c101010100-p300312/
781,False,1,夹具工程师,/c101010100-p300313/
782,False,1,模具工程师,/c101010100-p300314/
783,False,1,焊接工程师,/c101010100-p300315/
784,False,1,注塑工程师,/c101010100-p300316/
785,False,1,铸造/锻造工程师,/c101010100-p300317/
786,False,1,化工,/c101010100-p300499/
787,False,1,化工工程师,/c101010100-p300401/
788,False,1,实验室技术员,/c101010100-p300402/
789,False,1,化学分析,/c101010100-p300403/
790,False,1,涂料研发,/c101010100-p300404/
791,False,1,化妆品研发,/c101010100-p300405/
792,False,1,食品/饮料研发,/c101010100-p300406/
793,False,1,服装设计,/c101010100-p300501/
794,False,1,女装设计,/c101010100-p300502/
795,False,1,男装设计,/c101010100-p300503/
796,False,1,童装设计,/c101010100-p300504/
797,False,1,内衣设计,/c101010100-p300505/
798,False,1,面料设计,/c101010100-p300506/
799,False,1,面料辅料开发,/c101010100-p300507/
800,False,1,面料辅料采购,/c101010100-p300508/
801,False,1,打样/制版,/c101010100-p300509/
802,False,1,服装/纺织/皮革跟单,/c101010100-p300510/
803,False,1,普工/操作工,/c101010100-p300601/
804,False,1,叉车,/c101010100-p300602/
805,False,1,铲车,/c101010100-p300603/
806,False,1,焊工,/c101010100-p300604/
807,False,1,氩弧焊工,/c101010100-p300605/
808,False,1,电工,/c101010100-p300606/
809,False,1,木工,/c101010100-p300608/
810,False,1,漆工,/c101010100-p300609/
811,False,1,车工,/c101010100-p300610/
812,False,1,磨工,/c101010100-p300611/
813,False,1,铣工,/c101010100-p300612/
814,False,1,钳工,/c101010100-p300613/
815,False,1,钻工,/c101010100-p300614/
816,False,1,铆工,/c101010100-p300615/
817,False,1,钣金,/c101010100-p300616/
818,False,1,抛光,/c101010100-p300617/
819,False,1,机修工,/c101010100-p300618/
820,False,1,折弯工,/c101010100-p300619/
821,False,1,电镀工,/c101010100-p300620/
822,False,1,喷塑工,/c101010100-p300621/
823,False,1,注塑工,/c101010100-p300622/
824,False,1,组装工,/c101010100-p300623/
825,False,1,包装工,/c101010100-p300624/
826,False,1,空调工,/c101010100-p300625/
827,False,1,电梯工,/c101010100-p300626/
828,False,1,锅炉工,/c101010100-p300627/
829,False,1,学徒工,/c101010100-p300628/
830,False,1,其他生产制造职位,/c101010100-p300701/
